{
  "run_date": "2025-12-23T18:54:57.771967",
  "threshold": 0.5,
  "total_test_cases": 117,
  "strategies": {
    "character_frequency": {
      "accuracy": 0.5726495726495726,
      "precision": 0.6,
      "recall": 0.11538461538461539,
      "f1_score": 0.1935483870967742,
      "true_positives": 6,
      "false_positives": 4,
      "true_negatives": 61,
      "false_negatives": 46,
      "total_cases": 117,
      "time_seconds": 0.0003676249998534331
    },
    "word_length": {
      "accuracy": 0.5897435897435898,
      "precision": 1.0,
      "recall": 0.07692307692307693,
      "f1_score": 0.14285714285714288,
      "true_positives": 4,
      "false_positives": 0,
      "true_negatives": 65,
      "false_negatives": 48,
      "total_cases": 117,
      "time_seconds": 0.00010849999989659409
    },
    "pattern_matching": {
      "accuracy": 0.5555555555555556,
      "precision": 0,
      "recall": 0.0,
      "f1_score": 0,
      "true_positives": 0,
      "false_positives": 0,
      "true_negatives": 65,
      "false_negatives": 52,
      "total_cases": 117,
      "time_seconds": 0.001193541000247933
    },
    "statistical_analysis": {
      "accuracy": 0.6324786324786325,
      "precision": 0.6956521739130435,
      "recall": 0.3076923076923077,
      "f1_score": 0.42666666666666664,
      "true_positives": 16,
      "false_positives": 7,
      "true_negatives": 58,
      "false_negatives": 36,
      "total_cases": 117,
      "time_seconds": 0.0003858750001199951
    },
    "entropy_based": {
      "accuracy": 0.6495726495726496,
      "precision": 0.72,
      "recall": 0.34615384615384615,
      "f1_score": 0.4675324675324676,
      "true_positives": 18,
      "false_positives": 7,
      "true_negatives": 58,
      "false_negatives": 34,
      "total_cases": 117,
      "time_seconds": 0.0010016249998443527
    },
    "english_word_validation": {
      "accuracy": 0.6153846153846154,
      "precision": 0.6060606060606061,
      "recall": 0.38461538461538464,
      "f1_score": 0.47058823529411764,
      "true_positives": 20,
      "false_positives": 13,
      "true_negatives": 52,
      "false_negatives": 32,
      "total_cases": 117,
      "time_seconds": 0.0015094579998731206
    },
    "vowel_ratio": {
      "accuracy": 0.7264957264957265,
      "precision": 0.9545454545454546,
      "recall": 0.40384615384615385,
      "f1_score": 0.5675675675675677,
      "true_positives": 21,
      "false_positives": 1,
      "true_negatives": 64,
      "false_negatives": 31,
      "total_cases": 117,
      "time_seconds": 0.0005557080003200099
    },
    "keyboard_pattern": {
      "accuracy": 0.7350427350427351,
      "precision": 0.7058823529411765,
      "recall": 0.6923076923076923,
      "f1_score": 0.6990291262135924,
      "true_positives": 36,
      "false_positives": 15,
      "true_negatives": 50,
      "false_negatives": 16,
      "total_cases": 117,
      "time_seconds": 0.0013826250001329754
    },
    "ensemble": {
      "accuracy": 0.717948717948718,
      "precision": 0.9523809523809523,
      "recall": 0.38461538461538464,
      "f1_score": 0.547945205479452,
      "true_positives": 20,
      "false_positives": 1,
      "true_negatives": 64,
      "false_negatives": 32,
      "total_cases": 117,
      "time_seconds": 0.004686124999807362
    }
  },
  "category_analysis": {
    "character_frequency": {
      "mixed_content": 0.6,
      "numbers_only": 0.5,
      "normal_paragraphs": 1.0,
      "urls_and_emails": 0.6,
      "password_like": 0.0,
      "special_characters": 0.8,
      "social_media": 1.0,
      "encoding_errors": 1.0,
      "technical_jargon": 1.0,
      "ocr_errors": 1.0,
      "product_ids": 0.8,
      "random_characters": 0.1,
      "short_text": 0.2857142857142857,
      "lorem_ipsum": 1.0,
      "code_snippets": 0.0,
      "repeated_patterns": 0.7142857142857143,
      "keyboard_mashing": 0.1,
      "base64_encoded": 0.0,
      "normal_text": 1.0,
      "non_english": 1.0
    },
    "word_length": {
      "mixed_content": 0.6,
      "numbers_only": 0.5,
      "normal_paragraphs": 1.0,
      "urls_and_emails": 1.0,
      "password_like": 0.0,
      "special_characters": 0.8,
      "social_media": 1.0,
      "encoding_errors": 1.0,
      "technical_jargon": 1.0,
      "ocr_errors": 1.0,
      "product_ids": 0.8,
      "random_characters": 0.1,
      "short_text": 0.5714285714285714,
      "lorem_ipsum": 1.0,
      "code_snippets": 0.0,
      "repeated_patterns": 0.2857142857142857,
      "keyboard_mashing": 0.0,
      "base64_encoded": 0.4,
      "normal_text": 1.0,
      "non_english": 1.0
    },
    "pattern_matching": {
      "mixed_content": 0.6,
      "numbers_only": 0.5,
      "normal_paragraphs": 1.0,
      "urls_and_emails": 0.6,
      "password_like": 0.0,
      "special_characters": 0.8,
      "social_media": 1.0,
      "encoding_errors": 1.0,
      "technical_jargon": 1.0,
      "ocr_errors": 1.0,
      "product_ids": 0.8,
      "random_characters": 0.1,
      "short_text": 0.5714285714285714,
      "lorem_ipsum": 1.0,
      "code_snippets": 0.0,
      "repeated_patterns": 0.2857142857142857,
      "keyboard_mashing": 0.0,
      "base64_encoded": 0.0,
      "normal_text": 1.0,
      "non_english": 1.0
    },
    "statistical_analysis": {
      "mixed_content": 0.6,
      "numbers_only": 0.5,
      "normal_paragraphs": 1.0,
      "urls_and_emails": 0.6,
      "password_like": 0.4,
      "special_characters": 0.8,
      "social_media": 1.0,
      "encoding_errors": 1.0,
      "technical_jargon": 1.0,
      "ocr_errors": 0.8,
      "product_ids": 0.6,
      "random_characters": 0.7,
      "short_text": 0.7142857142857143,
      "lorem_ipsum": 1.0,
      "code_snippets": 0.16666666666666666,
      "repeated_patterns": 0.42857142857142855,
      "keyboard_mashing": 0.0,
      "base64_encoded": 0.0,
      "normal_text": 1.0,
      "non_english": 1.0
    },
    "entropy_based": {
      "mixed_content": 0.6,
      "numbers_only": 0.6666666666666666,
      "normal_paragraphs": 1.0,
      "urls_and_emails": 0.6,
      "password_like": 0.4,
      "special_characters": 0.8,
      "social_media": 1.0,
      "encoding_errors": 1.0,
      "technical_jargon": 1.0,
      "ocr_errors": 1.0,
      "product_ids": 0.6,
      "random_characters": 0.3,
      "short_text": 0.2857142857142857,
      "lorem_ipsum": 1.0,
      "code_snippets": 0.16666666666666666,
      "repeated_patterns": 0.5714285714285714,
      "keyboard_mashing": 0.3,
      "base64_encoded": 0.6,
      "normal_text": 1.0,
      "non_english": 1.0
    },
    "english_word_validation": {
      "mixed_content": 0.4,
      "numbers_only": 0.5,
      "normal_paragraphs": 1.0,
      "urls_and_emails": 0.6,
      "password_like": 0.2,
      "special_characters": 0.8,
      "social_media": 0.8,
      "encoding_errors": 1.0,
      "technical_jargon": 1.0,
      "ocr_errors": 1.0,
      "product_ids": 0.4,
      "random_characters": 0.3,
      "short_text": 0.7142857142857143,
      "lorem_ipsum": 0.0,
      "code_snippets": 0.0,
      "repeated_patterns": 0.8571428571428571,
      "keyboard_mashing": 1.0,
      "base64_encoded": 0.0,
      "normal_text": 1.0,
      "non_english": 0.2
    },
    "vowel_ratio": {
      "mixed_content": 0.8,
      "numbers_only": 0.5,
      "normal_paragraphs": 1.0,
      "urls_and_emails": 0.6,
      "password_like": 0.4,
      "special_characters": 0.8,
      "social_media": 1.0,
      "encoding_errors": 1.0,
      "technical_jargon": 1.0,
      "ocr_errors": 1.0,
      "product_ids": 0.8,
      "random_characters": 0.3,
      "short_text": 0.8571428571428571,
      "lorem_ipsum": 1.0,
      "code_snippets": 0.0,
      "repeated_patterns": 0.42857142857142855,
      "keyboard_mashing": 0.7,
      "base64_encoded": 1.0,
      "normal_text": 1.0,
      "non_english": 1.0
    },
    "keyboard_pattern": {
      "mixed_content": 0.8,
      "numbers_only": 0.6666666666666666,
      "normal_paragraphs": 1.0,
      "urls_and_emails": 0.8,