{
  "run_date": "2026-01-19T19:58:25.295233",
  "threshold": 0.5,
  "total_test_cases": 200,
  "strategies": {
    "markov_chain": {
      "accuracy": 0.8,
      "precision": 0.9210526315789473,
      "recall": 0.4861111111111111,
      "f1_score": 0.6363636363636362,
      "true_positives": 35,
      "false_positives": 3,
      "true_negatives": 125,
      "false_negatives": 37,
      "total_cases": 200,
      "time_seconds": 0.001510666999820387
    },
    "ngram_frequency": {
      "accuracy": 0.78,
      "precision": 0.8333333333333334,
      "recall": 0.4861111111111111,
      "f1_score": 0.6140350877192983,
      "true_positives": 35,
      "false_positives": 7,
      "true_negatives": 121,
      "false_negatives": 37,
      "total_cases": 200,
      "time_seconds": 0.0013060830001450086
    },
    "word_lookup": {
      "accuracy": 0.79,
      "precision": 0.9166666666666666,
      "recall": 0.4583333333333333,
      "f1_score": 0.611111111111111,
      "true_positives": 33,
      "false_positives": 3,
      "true_negatives": 125,
      "false_negatives": 39,
      "total_cases": 200,
      "time_seconds": 0.00046862499993949314
    },
    "symbol_ratio": {
      "accuracy": 0.655,
      "precision": 0.5652173913043478,
      "recall": 0.18055555555555555,
      "f1_score": 0.2736842105263158,
      "true_positives": 13,
      "false_positives": 10,
      "true_negatives": 118,
      "false_negatives": 59,
      "total_cases": 200,
      "time_seconds": 0.00027116599994769786
    },
    "repetition": {
      "accuracy": 0.66,
      "precision": 0.7,
      "recall": 0.09722222222222222,
      "f1_score": 0.17073170731707316,
      "true_positives": 7,
      "false_positives": 3,
      "true_negatives": 125,
      "false_negatives": 65,
      "total_cases": 200,
      "time_seconds": 0.0014027919996806304
    },
    "hex_string": {
      "accuracy": 0.67,
      "precision": 0.7142857142857143,
      "recall": 0.1388888888888889,
      "f1_score": 0.23255813953488372,
      "true_positives": 10,
      "false_positives": 4,
      "true_negatives": 124,
      "false_negatives": 62,
      "total_cases": 200,
      "time_seconds": 0.0006491670001196326
    },
    "character_frequency": {
      "accuracy": 0.67,
      "precision": 0.6666666666666666,
      "recall": 0.16666666666666666,
      "f1_score": 0.26666666666666666,
      "true_positives": 12,
      "false_positives": 6,
      "true_negatives": 122,
      "false_negatives": 60,
      "total_cases": 200,
      "time_seconds": 0.0007034589998511365
    },
    "word_length": {
      "accuracy": 0.67,
      "precision": 0.875,
      "recall": 0.09722222222222222,
      "f1_score": 0.17500000000000002,
      "true_positives": 7,
      "false_positives": 1,
      "true_negatives": 127,
      "false_negatives": 65,
      "total_cases": 200,
      "time_seconds": 0.00020687500000349246
    },
    "pattern_matching": {
      "accuracy": 0.64,
      "precision": 0,
      "recall": 0.0,
      "f1_score": 0,
      "true_positives": 0,
      "false_positives": 0,
      "true_negatives": 128,
      "false_negatives": 72,
      "total_cases": 200,
      "time_seconds": 0.002089666000301804
    },
    "statistical_analysis": {
      "accuracy": 0.69,
      "precision": 0.6666666666666666,
      "recall": 0.2777777777777778,
      "f1_score": 0.39215686274509803,
      "true_positives": 20,
      "false_positives": 10,
      "true_negatives": 118,
      "false_negatives": 52,
      "total_cases": 200,
      "time_seconds": 0.0004795840000042517
    },
    "entropy_based": {
      "accuracy": 0.745,
      "precision": 0.7441860465116279,
      "recall": 0.4444444444444444,
      "f1_score": 0.5565217391304347,
      "true_positives": 32,
      "false_positives": 11,
      "true_negatives": 117,
      "false_negatives": 40,
      "total_cases": 200,
      "time_seconds": 0.0016379579997192195
    },
    "vowel_ratio": {
      "accuracy": 0.78,
      "precision": 0.85,
      "recall": 0.4722222222222222,
      "f1_score": 0.6071428571428571,
      "true_positives": 34,
      "false_positives": 6,
      "true_negatives": 122,
      "false_negatives": 38,
      "total_cases": 200,
      "time_seconds": 0.0009276250002585584
    },
    "keyboard_pattern": {
      "accuracy": 0.78,
      "precision": 0.7,
      "recall": 0.6805555555555556,
      "f1_score": 0.6901408450704225,
      "true_positives": 49,
      "false_positives": 21,
      "true_negatives": 107,
      "false_negatives": 23,
      "total_cases": 200,
      "time_seconds": 0.0026341669999965234
    },
    "ensemble": {
      "accuracy": 0.76,
      "precision": 0.9285714285714286,
      "recall": 0.3611111111111111,
      "f1_score": 0.52,
      "true_positives": 26,
      "false_positives": 2,
      "true_negatives": 126,
      "false_negatives": 46,
      "total_cases": 200,
      "time_seconds": 0.003909958000349434
    }
  },
  "category_analysis": {
    "markov_chain": {
      "scientific_formulas": 0.6666666666666666,
      "normal_text": 1.0,
      "acronyms": 1.0,
      "consonant_heavy": 1.0,
      "short_text": 0.5714285714285714,
      "ocr_errors": 1.0,
      "non_english": 1.0,
      "mixed_content": 0.8,
      "lorem_ipsum": 1.0,
      "file_paths": 0.4,
      "hash_strings": 0.6,
      "technical_jargon": 1.0,
      "numbers_only": 0.5,
      "log_entries": 1.0,
      "random_characters": 0.5,
      "rare_valid_words": 1.0,
      "product_ids": 0.4,
      "base64_encoded": 1.0,
      "proper_nouns": 1.0,
      "special_characters": 0.8,
      "all_caps": 1.0,
      "password_like": 0.2,
      "urls_and_emails": 0.6,
      "normal_paragraphs": 1.0,
      "code_snippets": 0.0,
      "random_gibberish": 1.0,
      "encoding_errors": 1.0,
      "typos_misspellings": 1.0,
      "onomatopoeia": 1.0,
      "keyboard_mashing": 1.0,
      "social_media": 1.0,
      "edge_cases": 0.75,
      "repeated_patterns": 0.5714285714285714,
      "mixed_languages": 1.0
    },
    "ngram_frequency": {
      "scientific_formulas": 0.6666666666666666,
      "normal_text": 1.0,
      "acronyms": 1.0,
      "consonant_heavy": 0.8333333333333334,
      "short_text": 0.5714285714285714,
      "ocr_errors": 0.8,
      "non_english": 1.0,
      "mixed_content": 0.6,
      "lorem_ipsum": 1.0,
      "file_paths": 0.4,
      "hash_strings": 0.8,
      "technical_jargon": 1.0,
      "numbers_only": 0.6666666666666666,
      "log_entries": 1.0,
      "random_characters": 0.5,
      "rare_valid_words": 1.0,
      "product_ids": 0.6,
      "base64_encoded": 1.0,
      "proper_nouns": 1.0,
      "special_characters": 0.8,
      "all_caps": 1.0,
      "password_like": 0.4,
      "urls_and_emails": 0.6,
      "normal_paragraphs": 1.0,
      "code_snippets": 0.0,
      "random_gibberish": 1.0,
      "encoding_errors": 1.0,
      "typos_misspellings": 1.0,
      "onomatopoeia": 1.0,
      "keyboard_mashing": 0.8,
      "social_media": 0.8,
      "edge_cases": 0.5,
      "repeated_patterns": 0.5714285714285714,
      "mixed_languages": 1.0
    },
    "word_lookup": {
      "scientific_formulas": 0.5,
      "normal_text": 1.0,
      "acronyms": 1.0,
      "consonant_heavy": 1.0,
      "short_text": 0.5714285714285714,
      "ocr_errors": 1.0,
      "non_english": 0.8,
      "mixed_content": 0.6,
      "lorem_ipsum": 0.6666666666666666,
      "file_paths": 0.4,
      "hash_strings": 0.6,
      "technical_jargon": 1.0,
      "numbers_only": 0.5,
      "log_entries": 1.0,
      "random_characters": 0.5,
      "rare_valid_words": 1.0,
      "product_ids": 1.0,
      "base64_encoded": 1.0,
      "proper_nouns": 1.0,
      "special_characters": 0.8,
      "all_caps": 1.0,
      "password_like": 0.2,
      "urls_and_emails": 0.6,
      "normal_paragraphs": 1.0,
      "code_snippets": 0.0,
      "random_gibberish": 1.0,
      "encoding_errors": 1.0,
      "typos_misspellings": 1.0,
      "onomatopoeia": 1.0,
      "keyboard_mashing": 1.0,
      "social_media": 0.8,